Input_Context_Size,mistralai/Pixtral-Large-Instruct-2411,google/gemma-3-27b-it,Qwen/Qwen2.5-VL-72B-Instruct-AWQ,google/gemma-3-12b-it,Qwen/Qwen3-VL-8B-Instruct,Qwen/Qwen3-VL-32B-Instruct,mistralai/Pixtral-12B-2409
Large (More than 1 paragraph),0.8125,0.625,0.8125,0.5,0.625,0.75,0.3125
Medium (1 paragraph),0.16666666666666666,0.3333333333333333,0.5,0.16666666666666666,0.6666666666666666,0.6666666666666666,0.16666666666666666
Average,0.6363636363636364,0.5454545454545454,0.7272727272727273,0.4090909090909091,0.6363636363636364,0.7272727272727273,0.2727272727272727
