Type,Qwen/Qwen2.5-VL-72B-Instruct-AWQ,mistralai/Pixtral-12B-2409,Qwen/Qwen3-VL-32B-Instruct,google/gemma-3-12b-it,mistralai/Pixtral-Large-Instruct-2411,google/gemma-3-27b-it,Qwen/Qwen3-VL-8B-Instruct
,0.5230769230769231,0.5230769230769231,0.5846153846153846,0.5076923076923077,0.46153846153846156,0.49230769230769234,0.5230769230769231
Average,0.5230769230769231,0.5230769230769231,0.5846153846153846,0.5076923076923077,0.46153846153846156,0.49230769230769234,0.5230769230769231
