Question_type,Qwen/Qwen2.5-VL-72B-Instruct-AWQ,mistralai/Pixtral-Large-Instruct-2411,Qwen/Qwen3-VL-8B-Instruct,google/gemma-3-12b-it,google/gemma-3-27b-it,mistralai/Pixtral-12B-2409,Qwen/Qwen3-VL-32B-Instruct
QCM,0.7846153846153846,0.7076923076923077,0.7384615384615385,0.7076923076923077,0.7384615384615385,0.6307692307692307,0.8615384615384616
Average,0.7846153846153846,0.7076923076923077,0.7384615384615385,0.7076923076923077,0.7384615384615385,0.6307692307692307,0.8615384615384616
